Height,Sex,Age,Length2DRH,Length4DRH,Length2DLH,Length4DLH,DominantHand,LengthRightFoot,LengthLeftFoot,DominantFoot,Year
142,Female,18,,,,,Right,22,21,Right,2022
148,Female,20,6,6,6,6,Right,15,15,Right,2025
148,Female,19,6,6,6,6,Right,22,22,Left,2017
149,Female,21,6,6,6,6,Right,22,23,Right,2020
151,Female,24,6,6,6,6,Right,21,22,Right,2024
151,Female,19,6.2,7,6.2,7,Right,21.7,21.9,Right,2017
152,Female,20,6.2,6,6.2,6,Left,16.5,16.5,Left,2019
152,Female,24,7,7.2,7,7.5,Right,20,22,Right,2019
152,Female,18,7,7,7,7,Right,21,20,Right,2023
152,Female,18,6.4,6.3,6.2,6.5,Right,21.2,21.2,Right,2017
152,Female,18,7,7,8,7,Right,22,20,Right,2024
152,Female,19,6,6,6,6,Right,22,21,Right,2019
152,Female,19,6.8,7.2,6.8,7.2,Right,22.5,22.5,Right,2020
152,Female,18,6.3,6.8,6.4,6.7,Right,22.8,23.1,Left,2017
152,Female,20,6.5,6.7,6.4,6.8,Right,22.9,22.7,Right,2019
152,Female,19,6.7,7,6.5,6.8,Right,23,23,Right,2017
153,Female,19,7.5,7.5,7.2,7.4,Right,21,21,Right,2020
153,Female,19,7,6,7,6,Left,23,23,Left,2023
154,Female,19,6,6.2,6.3,6.2,Right,21.9,21.6,Left,2021
154,Female,18,7,6.5,6.8,6.7,Right,22,21.5,Right,2020
154,Female,29,6.5,6.5,6.6,6.5,Right,22,21.6,Right,2017
154,Female,19,5.7,5.9,5.8,5.9,Right,22.3,22.2,Right,2021
154,Female,19,7,6.6,7,6.9,Right,23,20.8,Right,2017
154,Female,20,6.4,6.7,6.4,6.6,Right,23.4,23,Ambidextrous,2017
154,Female,19,7,6,7,6,Right,25,24,Left,2024
154,Female,19,6,6,7,7,Right,,,,2024
155,Female,18,7,6.5,6.8,6.5,Right,18,17.5,Right,2020
155,Female,19,6.6,6.6,6.6,6.7,Right,18.3,19.5,Right,2018
155,Female,18,6.7,6.4,6.6,6.6,Right,20.4,21,Right,2019
155,Female,19,7,7,7,7,Right,21,21,Ambidextrous,2023
155,Female,20,7,7,7,7,Right,21,22,Right,2024
155,Female,21,7,7,6.5,6.5,Right,21.7,22,Right,2023
155,Female,18,6.8,7.2,6.6,7.3,Right,22,21.7,Right,2020
155,Male,19,6,7,6,7,Right,22,22,Right,2024
155,Female,19,15,15,16,15,Right,22,22,Right,2024
155,Female,18,6,5,6,6,Right,22,23,Right,2022
155,Female,18,6.8,6.9,7,7.1,Right,23,23.3,Left,2019
155,Female,29,6.4,7.2,6.4,6.7,Right,23.3,24.9,Right,2021
155,Female,19,7.1,7.2,6.9,6.8,Right,23.6,23.2,Left,2020
155,Female,19,6.8,7,6.8,7.2,Right,24.3,24.4,Right,2018
156,Female,18,6.5,6.1,6.5,6.5,Right,20,20.5,Right,2021
156,Female,19,7,6.5,7,6.5,Right,21,21.5,Right,2019
156,Female,24,7.5,7.7,7.5,7.6,Right,22,21,Ambidextrous,2021
156,Female,21,6.6,6.9,6.7,6.9,Right,22,22,Right,2017
156,Female,19,6.6,6.4,6.6,6.5,Right,22,22.3,Ambidextrous,2022
156,Female,21,7,6,6,7,Right,23,22,Right,2024
156,Female,19,6.5,6.6,6.5,6.7,Right,23.4,23.6,Left,2017
156,Female,19,7,7,7,7,Right,24,24,Right,2023
156,Female,19,6.7,6.6,6.9,6.6,Right,25.2,25.2,Ambidextrous,2017
157,Female,18,6.5,7,6.5,7,Right,17,17,Right,2022
157,Female,18,8,7,8,7,Right,21,20,Right,2024
157,Female,19,6.5,6.5,6.5,6.5,Right,21,21,Right,2021
157,Female,20,6.5,6.2,6.4,6.4,Right,21,21,Ambidextrous,2021
157,Female,19,6.5,6.8,6.6,7,Right,21,21.2,Right,2020
157,Female,18,6.5,6.4,6.9,7.1,Right,21.1,21.4,Right,2017
157,Female,19,6.1,6.3,6.1,6.4,Right,21.5,21.6,Right,2021
157,Female,18,6.6,6.3,6.5,6.2,Right,21.7,22,Right,2020
157,Female,19,7,6,7,6,Right,22,20,Right,2023
157,Female,21,7,5,7,5,Left,22,22,Left,2024
157,Female,19,8,9,9,9,Right,22,22,Ambidextrous,2024
157,Female,19,6.5,7,6.6,7,Right,22,22.1,Left,2021
157,Female,20,7.4,7.3,7,7.4,Right,22,22.1,Right,2019
157,Female,25,6.6,7,6.6,6.9,Right,22,22.5,Right,2021
157,Female,18,6.1,6.2,6,6.1,Right,22.1,21.7,Left,2019
157,Female,21,5,4.5,4.8,4.5,Right,22.5,22.5,Right,2020
157,Female,19,7.2,7.1,7.2,7.1,Right,22.5,23.3,Right,2019
157,Female,19,6.9,7.2,7,6.9,Right,22.8,22.6,Ambidextrous,2018
157,Female,20,6.4,6.3,6.4,6.3,Right,22.8,23,Right,2021
157,Female,19,6.6,6.6,6.6,6.6,Right,23,22.5,Right,2020
157,Female,19,3,5,5,5,Right,23,23,Right,2023
157,Female,18,7,7,6,7,Right,23,23,Right,2024
157,Female,19,9,9,9,9,Right,23,23,Ambidextrous,2024
157,Female,19,6.6,7.1,6.7,7.2,Right,23.1,23.2,Right,2018
157,Female,19,7.2,7.2,7.2,6.9,Left,23.2,23.3,Right,2021
157,Female,20,6.7,6.9,6.7,6.8,Left,23.3,23.2,Right,2017
157,Female,21,7.2,7,7.2,6.8,Left,24.5,24,Right,2021
157,Female,19,7.1,6.6,6.9,7,Right,25.2,25.1,Right,2017
157,Female,19,7.7,7.5,7.6,7.5,Right,25.3,25.4,Right,2019
158,Female,19,7,7,7,7,Right,16,20,Ambidextrous,2025
158,Female,18,7,7,7,7,Right,20,20,Right,2025
158,Female,19,7,6.5,7,6.5,Right,20.4,20.5,Right,2020
158,Female,22,6.7,6.3,6.5,6.3,Right,21,20.5,Right,2017
158,Female,21,6.1,6,6.2,6,Ambidextrous,21.6,21.6,Right,2021
158,Female,19,6,7,6,7,Right,22,21,Right,2022
158,Female,23,6.5,6.1,6.5,6.1,Right,22.7,22.5,Right,2017
158,Female,21,6.6,7,6.6,7,Right,22.7,22.7,Right,2022
158,Female,19,6.5,6.5,6.5,6.5,Right,23,23,Right,2021
158,Female,18,6.3,4.8,6.2,5,Right,23.1,23,Right,2020
158,Female,20,6.2,6.5,6.5,6.6,Right,23.4,22.7,Ambidextrous,2019
158,Female,22,6.4,6.8,6.4,6.7,Right,23.4,23,Right,2022
158,Female,22,6.6,6.4,6.6,6.4,Right,23.5,23.5,Right,2018
158,Female,18,6.8,6.6,6.7,6.6,Right,23.6,23.1,Right,2017
158,Female,19,6.6,6.8,6.4,6.8,Right,24,24,Ambidextrous,2018
158,Female,18,6.6,6.6,6.7,6.7,Right,24.5,23.5,Right,2020
158,Female,21,7,7,7,7,Right,35,35,Ambidextrous,2024
158,Female,21,7,8,8,8,Right,,,,2024
158,Female,19,,,,,Right,,,,2024
159,Female,19,16,7,7,6,Right,20,21,Right,2024
159,Female,20,6.7,7,6.9,7.1,Right,20.8,21.2,Right,2017
159,Female,23,6.7,7.1,6.7,7.1,Right,21.1,20.7,Right,2018
159,Female,18,6.5,6,6.5,6,Right,21.7,21.5,Right,2018
159,Female,19,6,7,6,7,Right,22,23,Right,2024
159,Female,23,6.1,6.2,5.8,6,Right,22.4,22.4,Right,2018
159,Female,19,6.5,6.8,6.5,6.8,Ambidextrous,22.5,22,Right,2018
159,Female,19,6.5,6.4,6.5,6.4,Right,22.9,22.8,Right,2019
159,Female,20,6.4,6.9,6.4,7,Right,23.1,22.9,Right,2017
159,Female,19,7,6.8,7,6.8,Right,24.5,24,Right,2018
159,Female,20,7,7,7,7,Right,25,23,Right,2023
160,Female,19,6.7,6.8,6.7,6.4,Right,16.6,17,Left,2017
160,Female,19,7,7,7,7,Right,20,20,Right,2023
160,Female,21,6.2,6.3,6.4,6.5,Right,20.5,20.2,Right,2020
160,Female,20,6,6,6,7,Right,21,21,Right,2023
160,Female,19,7,7,7,7,Right,21,21,Right,2024
160,Female,19,7,7,7,7,Right,21,21,Right,2024
160,Female,25,7,5,7,5,Right,21,21,Ambidextrous,2024
160,Female,18,6.1,6,6.2,6.1,Right,21,21.1,Right,2017
160,Female,19,6.9,7,6.7,7.4,Right,21,22,Right,2021
160,Female,30,7,6,6.5,6.3,Right,21.7,22.2,Right,2017
160,Female,19,6.3,6.4,6.5,6.4,Right,21.9,22,Right,2020
160,Female,19,,,,,Right,22,21,Right,2022
160,Female,27,6.8,7,6.8,7,Right,22,21.6,Right,2018
160,Female,18,7,6,7,6,Right,22,22,Right,2024
160,Female,19,6.8,6.6,6.8,6.7,Right,22,22.4,Right,2017
160,Female,18,6.5,6.5,6.8,6.5,Right,22,22.5,Right,2023
160,Female,18,8,7,7,7,Right,22,23,Right,2023
160,Female,16,6.3,6.3,6.4,6.4,Right,22.2,22.3,Right,2019
160,Female,19,6.5,7,6.5,6.7,Right,22.3,22.1,Right,2022
160,Female,18,6.6,6.3,6.5,6.3,Right,22.3,22.4,Ambidextrous,2018
160,Female,25,6.9,7.1,6.9,6.9,Ambidextrous,22.5,22,Right,2018
160,Female,18,6.5,6.6,6.6,7.2,Right,22.5,22.4,Right,2021
160,Female,19,6.9,6.7,6.9,6.7,Right,22.5,22.4,Ambidextrous,2017
160,Female,19,6.9,6.8,6.9,6.7,Right,22.5,22.4,Ambidextrous,2017
160,Female,19,6.4,6.7,6.4,6.6,Right,22.7,22.5,Right,2020
160,Female,18,6.3,6.6,6.3,6.6,Right,22.9,23,Right,2017
160,Female,22,7,7,7,7,Left,23,21,Left,2023
160,Female,18,6.5,6.7,6.5,6.7,Left,23,22.7,Right,2019
160,Female,20,6.9,7.2,6.9,6.9,Right,23,23,Right,2017
160,Female,18,7,7,7,7,Right,23,23,Right,2022
160,Female,19,7,7,7,,Right,23,23,Right,2023
160,Female,20,7.4,6.9,7.2,6.9,Right,23,23,Right,2021
160,Female,19,7,7,7,7,Right,23,24,Left,2023
160,Female,19,7,7,6,6,Right,23,22,Right,2025
160,Female,20,7.5,6.5,6.9,6.4,Right,23.4,22.8,Ambidextrous,2022
160,Female,19,6,6.2,6.5,6.8,Right,23.4,22.9,Ambidextrous,2019
160,Female,19,6.5,6.7,6.5,6.7,Right,23.4,23.1,Right,2021
160,Female,19,7,7.4,6.9,7.2,Right,23.4,23.5,Right,2021
160,Female,20,8.7,8.5,8.6,8.7,Right,23.5,23.4,Right,2017
160,Female,21,7,6.6,6.8,6.8,Right,23.8,23.8,Right,2021
160,Female,20,10,9.2,10.1,9.4,Right,23.8,24.3,Right,2021
160,Female,18,6.6,6.7,6.6,7,Right,23.9,23.5,Right,2018
160,Female,18,7,7,7,7,Right,24,23,Right,2019
160,Female,19,7.4,7.3,7.2,7.2,Right,24,23.6,Right,2021
160,Female,24,10,11,10,11,Right,24,24,Right,2022
160,,19,7.3,7,7.4,6.9,Ambidextrous,24,24.2,Left,2022
160,Female,21,7.1,7,7.2,7,Right,24.3,24.4,Right,2019
160,Female,20,6.9,6.8,6.8,7.1,Right,24.7,24.7,Right,2019
160,Female,19,17,15,17,15,Right,25,25,Ambidextrous,2024
160,Female,20,6,6,6,6,Right,35,35,Right,2024
160,Female,20,,,,,Right,,,Right,2020
160,Female,18,7,,,,,,,,2025
161,Female,19,6.1,6.4,6,6.4,Right,21.2,20.2,Ambidextrous,2017
161,Female,19,6.9,6.6,6.9,6.8,Right,21.2,21.3,Right,2021
161,Female,18,7,6.8,6.9,6.6,Right,21.6,22.1,Right,2018
161,Female,18,12,12.3,12,13,Right,22,22,Right,2018
161,Female,19,6,7,6,7,Right,22,23,Right,2023
161,Female,18,6.8,7.1,6.9,7,Right,22.4,22.8,Right,2019
161,Female,19,6.7,6.6,6.7,6.5,Right,22.5,23,Right,2017
161,Female,20,7,7,7,7,Right,23,22,Right,2023
161,Female,30,6.7,6.3,6.6,6.5,Right,23,22.9,Left,2022
161,Female,21,7,6,7,6,Right,23,23,Right,2024
161,Female,21,7.1,7.3,7,7.4,Right,23.5,23.3,Right,2018
161,Female,19,7,7.2,7,7.2,Right,23.9,24.2,Right,2017
161,Female,19,6.8,7.2,6.8,7,Right,24,23.8,Right,2020
161,Female,19,7,6.6,7,7,Right,24,24.4,Right,2023
161,Female,19,8,6,6,6,Right,24,25,Right,2024
161,Female,20,6.7,6.5,6.8,6.5,Right,24.5,24.4,Right,2020
161,Female,21,7,6.8,7,6.8,Right,24.7,24.4,Ambidextrous,2017
162,Female,19,6.5,6.1,6.7,6.1,Left,22,21.5,Right,2021
162,Female,18,6,7,7,6,Right,22,22,Right,2024
162,Female,20,6.8,6.4,6.7,6.5,Right,22,23,Right,2017
162,Female,19,6.6,6.1,6.5,6,Right,22.4,22.2,Right,2017
162,Female,19,7.8,7.7,8.1,7.7,Right,22.4,22.6,Left,2017
162,Female,19,7.1,7.2,6.9,7,Right,22.4,23,Right,2018
162,Female,33,6.7,7,6.7,6.9,Right,22.5,22.3,Right,2018
162,Female,20,6.8,7,6.7,7.1,Right,22.5,22.5,Right,2021
162,Female,21,7,7,7,7,Right,22.5,22.5,Right,2022
162,Female,18,6.9,6.8,6.9,6.7,Right,22.5,22.7,Right,2019
162,Female,19,6.8,6.5,6.8,6.5,Right,22.8,22.9,Right,2018
162,Female,20,6.5,7,6.4,6.9,Right,23,22,Right,2017
162,Female,19,7,7,7,7,Right,23,23,Right,2024
162,Female,20,7,7,7,7,Right,23,23,Right,2024
162,Female,18,6.5,6.7,6.5,6.8,Right,23,23.2,Right,2019
162,Female,18,6.7,6.9,6.5,7.2,Right,23.5,23.5,Right,2022
162,Female,19,7.5,8,7.5,7.8,Right,23.5,23.8,Right,2022
162,Female,18,6.7,6.9,6.6,6.8,Right,23.5,24,Right,2018
162,Female,19,8,8,8,8,Right,24,24,Right,2023
162,Female,18,7,7.3,7,7.3,Right,24.2,24.1,Right,2021
162,Female,19,7,6.6,7,6.7,Right,24.3,24.2,Right,2020
162,Female,19,7.4,7.1,7.3,7.1,Right,25.5,25,Ambidextrous,2017
162,Female,19,8,6.5,8,6.5,Right,26.7,26,Right,2018
162,Female,19,7,7,7,7,Right,27,27,Right,2023
162.56,Female,19,6.3,6.3,6.4,6.5,Right,24.5,24.4,Right,2017
162.56,Female,20,6.2,6.6,6.2,6.8,Right,24.6,24.1,Left,2017
163,Female,18,7,7,7,7,Right,11,11,Right,2025
163,Female,18,6.4,6.8,6.4,6.8,Right,20.2,19.9,Ambidextrous,2017
163,Female,19,7.8,7.6,7.9,7.7,Right,20.4,20.5,Right,2022
163,Female,18,6,6,6,6,Right,21,22,Right,2017
163,Female,19,7,7.3,7,7.5,Right,21.5,22,Right,2017
163,Female,18,6.6,6.8,6.4,6.6,Right,21.6,20,Right,2019
163,Female,20,6.5,5.75,6.5,6,Right,21.75,22,Right,2017
163,Female,19,6.4,6.5,6.1,6.3,Right,21.8,21.8,Right,2017
163,Female,18,7.3,7.7,7.8,7.8,Left,22,21.5,Left,2021
163,Female,19,4,4,4,3,Right,22,22,Right,2023
163,Female,19,6,6.8,7,6,Right,22,22,Right,2022
163,Female,18,6.5,6.5,6.5,6.5,Right,22,22,Right,2018
163,Female,19,6.5,7.1,6.4,6.9,Right,22,22,Right,2017
163,Female,19,7.3,7,7.3,7.2,Right,22,22,Right,2018
163,Female,19,8,8,8,8,Right,22,22,Right,2024
163,Female,20,7,7,9,7,Right,22,23,Right,2023
163,Female,23,8,8,8,8,Right,22,23,Right,2023
163,Female,19,7,7,7,7,Right,22.5,23,Right,2017
163,Female,20,7.4,6.8,7.4,6.8,Left,22.8,24,Right,2017
163,Female,18,8,8,8,8,Right,23,21,Left,2024
163,Female,18,7,7.2,7,7.2,Right,23,23,Right,2021
163,Female,20,7,7,7,7,Right,23,23,Right,2023
163,Female,19,7,6,7,6,Right,23,24,Right,2024
163,Female,19,7.4,7.2,7.2,7.9,Right,23.2,23,Left,2020
163,Female,20,6.6,6.7,6.6,6.7,Left,23.3,23.1,Right,2018
163,Female,37,7.3,7.2,7.2,6.9,Right,23.4,23.2,Right,2018
163,Female,18,7,6.8,7.2,7,Ambidextrous,23.5,23,Right,2020
163,Female,19,7.5,7.5,7.5,7.5,Right,23.5,23.5,Right,2017
163,Female,19,6.9,6.5,6.9,6.6,Right,23.8,22.9,Right,2018
163,Female,19,7,6.9,7.2,7,Right,23.8,24,Right,2020
163,Female,20,6.5,7.1,6.7,6.8,Left,23.8,24.6,Left,2017
163,Female,21,7,7,7,7,Right,24,23,Right,2023
163,Female,19,7.5,7.7,7.4,7.7,Right,24,23.5,Left,2021
163,Female,18,7,8,7,8,Right,24,24,Right,2024
163,Male,30,8,7,8,7,Right,24,24,Right,2024
163,Female,19,8,8,9,8,Right,24,23,Ambidextrous,2025
163,Female,22,6.7,6.8,7,7.2,Right,24.3,25,Ambidextrous,2019
163,Female,39,7,6.9,6.8,7,Right,24.5,23.5,Right,2018
163,Female,29,7.2,7.4,7.2,7.4,Right,24.7,24.5,Right,2019
163,Female,18,7,7,7.2,7.2,Right,24.8,24.5,Right,2018
163,Female,18,8,7,8,7,Right,25,24,Right,2024
163,Female,18,7,7,8,7,Right,25,25,Right,2023
163,Female,18,7,7,7,7,Right,25,25,Right,2023
163,Female,19,7,7.5,7,7.5,Ambidextrous,25,25,Ambidextrous,2018
163,Female,19,7,7,7,7,Right,25,25,Right,2023
163,Female,19,6.8,6.6,7,6.7,Right,25.3,25.5,Right,2017
163,Female,18,7.1,7.3,7.2,7.3,Right,25.5,24.7,Right,2019
163,Female,19,7,7,7,7,Right,,,,2024
163,Female,19,8,6,8,6,Right,,,,2024
163,Female,28,4,3,4,3,Right,,,,2025
164,Female,19,6.3,6.3,6.3,6.3,Right,21.2,21,Right,2020
164,Female,20,6.6,6.2,6.1,6.6,Right,21.4,21.5,Right,2020
164,Female,19,7.1,7.3,6.9,6.8,Right,22,21.8,Right,2018
164,Female,19,7.4,7,7,7,Left,22,22,Left,2023
164,Female,18,6.8,7.2,6.7,7.2,Right,22.4,22.3,Right,2020
164,Female,20,6.4,6.8,6.5,6.6,Right,22.5,22.5,Right,2019
164,Female,20,7.1,6.8,7.2,7.2,Right,22.8,23.7,Right,2018
164,Female,18,6.7,7,6.9,6.4,Right,23,23,Right,2019
164,Female,19,7,7,7,7,Right,23,23,Left,2017
164,Female,18,8,8,8,8,Left,23,23,Left,2023
164,Female,19,7,6,7,6,Right,23,24,Right,2023
164,Female,23,7.2,7.2,7.2,7.1,Right,23.1,23.1,Right,2017
164,Female,18,6.5,6.8,6.6,7,Right,23.2,22.8,Right,2020
164,Female,19,7.3,7.7,7.2,7.5,Right,23.6,24.5,Right,2021
164,Female,18,7.1,7.4,7.1,7.6,Right,23.8,23.7,Right,2017
164,Female,19,6.9,6.9,6.6,6.6,Right,23.9,23.7,Right,2022
164,Female,19,7,6.5,7,6.5,Right,24,23,Right,2020
164,Female,19,7,5,8,5,Right,24,23,Right,2023
164,Female,18,7,6.5,7,6.5,Right,24,23.5,Right,2019
164,Female,19,6.5,7,6.5,6.9,Right,24,23.9,Right,2021
164,Female,23,7.4,6.3,7.4,6.3,Right,24,24.2,Right,2021
164,Female,17,7.3,6.9,7.1,6.8,Right,24,24.5,Ambidextrous,2017
164,Female,18,8,9,8,9,Left,24,25,Right,2024
164,Female,19,6.5,6.3,6.5,6.4,Right,24.1,24.1,Right,2017
164,Female,19,7,6.5,6.8,7,Right,24.3,24.5,Right,2017
164,Female,21,7.1,7,7,7,Right,24.7,24.7,Right,2017
164,Female,18,6.6,6.9,6.7,7,Right,24.8,24.6,Left,2017
164,Female,24,7.6,7.2,7.5,7.3,Right,25,25,Ambidextrous,2019
164,Female,21,7.4,7.5,7.3,7.2,Right,25.5,25.2,Right,2023
164,Female,20,7.9,7.2,7.5,7.3,Right,26,25,Right,2022
164,Male,19,10,11,10,11,Right,,,Right,2023
164,Female,19,,,,,Right,,,Right,2022
164,Female,20,8,,,,,,,,2025
164.5,Female,19,7.6,5.9,7.5,5.8,Right,22,22,Right,2019
165,Female,20,7,6,7,7,Right,18,23,Right,2023
165,Female,19,7,7,7,7,Right,20,21,Right,2025
165,Female,19,6.5,6.9,6.5,6.7,Right,21.2,20.5,Right,2021
165,Female,18,7,8,7,8,Left,22,22,Right,2023
165,Female,20,7,7,7,7,Right,22,22,Right,2023
165,Female,19,6.5,6.4,7,6.2,Right,22,22.5,Right,2021
165,Female,19,6.7,6.7,6.8,6.9,Right,22,23,Right,2021
165,Female,19,7,7,7,7,Left,22,23,Left,2024
165,Female,19,6.6,6.5,6.7,6.6,Right,22.3,21.7,Right,2020
165,Female,21,6.1,6.1,5.9,6.4,Right,22.5,23.5,Right,2017
165,Female,19,7,7.2,7.1,7.1,Right,22.9,22.6,Right,2017
165,Female,19,7,7,7,7,Right,23,22,Right,2023
165,Female,20,6.6,7,7.2,7,Left,23,22.5,Left,2020
165,Female,19,7.1,7.3,7,7.3,Left,23,22.8,Left,2022
165,Female,19,7,8,7,8,Right,23,23,Right,2024
165,Female,20,7,7.4,7,7.4,Right,23,23,Ambidextrous,2018
165,Female,42,7.1,7.1,7,7,Right,23,23,Right,2017
165,Female,20,7.7,7.2,7.5,7.2,Right,23,23,Right,2018
165,Female,19,8,8,8,8,Right,23,23,Left,2024
165,Female,20,8,8,8,8,Right,23,23,Right,2024
165,Female,18,16,16,16,16,Right,23,23,Right,2023
165,Female,21,16,16,16,16,Right,23,23,Left,2023
165,Female,19,7.7,6.3,6.4,7,Right,23,23.8,Right,2021
165,Female,20,6.5,6.5,7,7,Right,23,24,Ambidextrous,2022
165,Female,20,7,7,7,7,Right,23.2,23,Ambidextrous,2018
165,Female,19,7,6.5,6.6,6.7,Right,23.5,23.1,Ambidextrous,2020
165,Female,19,7.5,7.5,7.5,7.5,Right,23.5,23.5,Right,2019
165,Female,19,7.5,8,8,7.3,Right,23.5,24,Right,2021
165,Female,19,6.9,7.2,7.3,7.1,Right,23.6,23.8,Right,2021
165,Female,18,6.8,7.1,6.8,7,Right,23.7,23.8,Right,2017
165,Female,19,6.9,7.3,6.9,7.2,Right,23.8,23.2,Right,2018
165,Female,18,6.9,7.3,6.9,7.3,Right,23.9,23.7,Right,2021
165,Female,19,7.5,8,8,8,Right,24,23.5,Right,2019
165,Female,18,8,7,8,7,Right,24,24,Right,2021
165,Female,19,9,9,9,9,Right,24,24,Right,2023
165,Male,19,7.3,7.1,7.1,7.2,Right,24,24.5,Right,2021
165,Female,19,6.5,6.5,6.5,6.5,Right,24.1,23,Right,2022
165,Female,20,7.1,7.1,7.1,7.1,Right,24.1,23.9,Ambidextrous,2022
165,Female,29,7,6.8,7.4,5.6,Right,24.3,24.1,Right,2022
165,Female,19,6.8,7.1,6.7,7.1,Right,24.3,24.2,Left,2018
165,Female,19,7,7,6.9,6.9,Right,24.5,24,Right,2019
165,Female,21,7.6,7.3,7.4,7.2,Right,24.7,24.8,Right,2020
165,Female,19,7.6,7.8,7.3,7.7,Right,24.9,25.2,Right,2018
165,Female,19,8,7,7,7,Right,25,23,Right,2023
165,Female,19,6.7,7.1,6.8,7,Right,25,24.5,Right,2021
165,Female,20,7.3,7.2,7.3,7.5,Right,25.1,24.9,Right,2022
165,Female,20,6.8,7,6.9,6.9,Right,25.3,25.2,Right,2020
165,Female,29,7.2,7,7.2,7,Ambidextrous,25.5,25.7,Right,2017
165,Female,20,7.3,7.7,7.3,7.7,Right,25.9,26.2,Right,2017
165,Female,21,5,,5,4,Right,26,26,Right,2021
165,Female,22,8.2,7.8,7.8,8.3,Right,29.3,29.4,Right,2018
165,Female,19,8,7,7,6,Right,,,Right,2023
165,Female,31,,,,,Right,,,Right,2019
166,Female,19,7.3,7.1,7.2,7.5,Right,21.9,21.7,Right,2021
166,Female,20,7.2,6.6,7.2,6.7,Right,22.5,23.5,Right,2017
166,Female,43,7,7,7,7,Right,23,23,Right,2023
166,Female,18,6.8,7.2,6.9,7.3,Ambidextrous,23.2,23,Right,2017
166,Female,19,6.6,6.4,6.2,6,Right,23.2,23.6,Right,2017
166,Female,20,6.5,7.4,6.9,7.85,Right,23.6,23,Right,2021
166,Female,18,7.6,7.4,7.2,7.4,Right,23.9,23.7,Right,2017
166,Female,25,6,6,6,6,Right,24,24,Ambidextrous,2024
166,Female,20,7,7,7,7,Right,24,24,Right,2017
166,Male,17,8.2,6.5,8.2,6.5,Right,24,24,Ambidextrous,2021
166,Female,19,6.8,6.5,6.8,7,Right,24.6,23.7,Right,2020
166,Female,18,7,7.2,7.1,6.9,Right,24.6,25.6,Right,2017
166,Female,18,7,7,7,6,Right,25,25,Ambidextrous,2024
166,Female,19,6.7,6.8,6.9,6.7,Right,25,25.2,Right,2018
166,Female,28,6.9,7.4,7,7.3,Left,25,25.9,Left,2017
166,Female,19,6.8,6.7,6.6,6.5,Right,25.4,24,Right,2017
166,Female,20,7.4,7.2,7.2,7.1,Right,25.5,25.5,Right,2017
166,Female,19,8.1,8.1,8.1,8.2,Right,26.2,26,Right,2017
167,Female,19,6.8,6.1,6.8,6.7,Left,20.3,20.6,Left,2018
167,Female,19,6.8,6.9,6.8,6.7,Right,22.4,22.4,Ambidextrous,2021
167,Female,19,6.5,7,7,7,Right,22.5,23,Ambidextrous,2019
167,Female,19,7.2,7.9,7.3,7.6,Right,22.5,23,Right,2021
167,Female,20,6.9,7.6,6.9,7.4,Right,22.7,23.2,Right,2020
167,Female,19,6,5,6,5,Right,23,22,Right,2024
167,Female,20,7.2,8,7.5,8,Right,23,23,Right,2020
167,Female,20,7.3,7.4,7.1,7.4,Right,23.1,23,Left,2021
167,Female,19,6.8,7.1,6.9,7.2,Right,23.1,23.3,Right,2020
167,Female,19,8,7.6,7.5,6.9,Left,23.2,22.7,Left,2022
167,Female,19,8,6.1,7.9,6,Right,23.4,23,Right,2019
167,Male,20,6.7,6.8,6.6,6.7,Right,23.7,23.7,Ambidextrous,2018
167,Female,20,7.5,7.7,7.5,7.7,Right,23.8,23.8,Right,2021
167,Female,19,8,7,8,7,Right,24,23,Right,2024
167,Female,27,7,6.5,7,6.5,Right,24,24,Right,2021
167,Female,19,8,7,8,7,Right,24,24,Right,2024
167,Female,19,6.5,7.1,6.6,7.1,Right,24,24.1,Right,2017
167,Female,19,7.5,7.8,7.4,7.8,Ambidextrous,24.2,24.8,Ambidextrous,2018
167,Female,19,6.7,6.9,6.5,6.9,Left,24.4,24.7,Left,2021
167,Female,19,7.2,7,7.2,7,Right,24.5,24.6,Right,2019
167,Female,23,7.4,7.7,7.4,7.7,Ambidextrous,24.6,24.5,Ambidextrous,2020
167,Female,18,7.9,7.8,7.9,7.8,Right,25.4,25.5,Right,2020
167,Female,20,7,6,6,5,Right,27,27,Right,2024
167,Female,19,7,5,7,5,Right,,,,2025
168,Male,19,6,7,6,7,Right,22,23,Right,2024
168,Female,19,7,7,7,7,Right,22,23,Right,2022
168,Female,19,6.5,6.9,6.3,6.6,Right,22.4,22.2,Right,2017
168,Female,19,7,7.2,6.9,7.2,Right,22.4,24.5,Left,2017
168,Female,20,6.9,7.4,6.9,7.3,Right,22.5,23,Right,2020
168,Female,19,7,6.9,6.8,6.9,Right,22.6,22.7,Right,2018
168,Female,20,6.2,6.3,6.3,6.2,Right,22.6,23,Right,2017
168,Female,21,16.4,15.9,16.2,15.9,Right,22.9,23.1,Right,2019
168,Female,19,15,6,7,6,Right,23,22,Right,2024
168,Female,19,7,7.4,7.1,7.3,Right,23,23,Right,2021
168,Male,19,7.5,7.5,7.5,7.5,Right,23,23,Right,2018
168,Female,19,8,9,8,8,Right,23,23,Ambidextrous,2017
168,Female,19,8.58,8,8,8.5,Right,23,23,Right,2021
168,Female,20,11,12,11,12,Right,23,23,Right,2023
168,Female,18,6.9,6.9,6.8,6.9,Right,23,24,Right,2021
168,Female,18,7,7.5,7.5,7.5,Left,23.2,22.8,Left,2018
168,Female,19,7.1,5.6,7.1,5.7,Right,23.3,23.6,Right,2021
168,Female,19,6.7,7,7,7.2,Left,23.5,22.5,Left,2021
168,Female,20,6.8,6.5,6.8,6.5,Right,23.5,23.5,Right,2017
168,Female,20,7,6.6,7,6.6,Right,23.5,23.5,Right,2017
168,Female,22,7.5,7.4,7.6,7.4,Right,23.5,23.8,Right,2017
168,Female,17,6.9,6.6,6.8,6.5,Right,23.8,23.6,Right,2021
168,Male,19,6.9,7.2,6.9,7.4,Right,23.9,24.1,Right,2021
168,Female,20,7,7,7.2,7.2,Right,24,23,Right,2020
168,Female,19,6.7,6.8,6.7,7,Right,24,23.3,Right,2020
168,Female,19,7.2,7.4,6.9,7,Right,24,23.9,Ambidextrous,2020
168,Female,19,7,6.5,7.2,6.7,Right,24,24,Right,2020
168,Female,19,7.5,7,7.5,7,Right,24,24,Right,2020
168,Female,18,7.6,5.2,8,5.5,Right,24,24.3,Right,2017
168,Female,19,6.9,7.2,6.5,7.2,Right,24.5,24.4,Left,2017
168,Female,22,7.5,7.3,7.5,7.3,Right,24.5,24.5,Right,2020
168,Female,19,7.1,7,7.1,7,Right,24.9,24.8,Right,2017
168,Female,19,7.1,7.2,7.1,7.2,Right,25,24.8,Right,2019
168,Female,19,7,7,7,7,Right,25,25,Right,2023
168,Female,20,6.5,6.5,6.5,6.5,Right,25.4,24.9,Right,2018
168,Female,22,6.8,6.7,7,6.9,Right,25.6,25,Right,2017
168,Female,20,4,4,4,4,Right,26,26,Right,2024
168,Female,19,16,18,17,16,Right,39,39,Ambidextrous,2024
168,Female,18,9,9,9,9,Right,,,Right,2024
168,Female,19,,,,,Right,,,Right,2022
169,Female,19,7.9,7.6,7.5,7.3,Right,22,22.5,Right,2018
169,Female,20,8,8,8,7,Right,22,23,Left,2023
169,Female,21,7.6,7.1,7.5,7.3,Right,22.3,22.2,Right,2020
169,Female,19,6.9,7,7,6.9,Right,22.5,22.1,Right,2020
169,Female,21,7.5,7.1,7.5,7.2,Right,22.5,22.5,Ambidextrous,2021
169,Female,20,6.3,6.6,6.1,6.6,Right,23.1,22.6,Right,2018
169,Female,19,6.8,6.8,6.9,6.8,Right,23.4,23.2,Right,2017
169,Female,20,7.1,7.1,7,7,Right,23.5,23.4,Ambidextrous,2017
169,Female,18,7,8,7,8,Right,24,24,Right,2024
169,Female,19,7,7,7,7,Right,24,24,Right,2024
169,Female,18,8,7,8,7,Right,24,24,Right,2024
169,Female,20,6.9,6.5,6.7,6.6,Right,24.1,23.9,Ambidextrous,2018
169,Female,19,7,7,7,7,Right,24.5,24.4,Right,2020
169,Female,32,7.3,7.3,7.3,7.2,Right,24.6,24.3,Right,2022
169,Female,22,6.7,7,6.7,6.9,Right,24.8,23.9,Right,2017
169,Female,18,6.8,7,6.7,7.1,Right,24.9,24.8,Right,2017
169,Female,19,7.1,6.8,7,6.7,Right,25.1,24.4,Right,2022
169,Male,20,8,8,8,8,Right,26,25,Right,2024
169,Male,19,,8.5,8.2,8.3,Right,26.5,27,Right,2022
169,Male,19,6.9,6.9,7.2,7.2,Right,29.2,28.4,Right,2017
169,Female,19,6,6,,,,,,,2025
170,Female,19,11,9,11,10,Right,15,15,Right,2025
170,Female,18,6,7,6,7,Right,21,21,Ambidextrous,2023
170,Female,20,7,8,7,8,Right,22,21,Right,2023
170,Female,22,14,12,15,13,Right,22,21,Right,2024
170,Female,19,6,6,6,6,Right,22,22,Right,2023
170,Female,18,7,7,7,7,Right,22,22,Right,2024
170,Female,19,7,8,7,8,Right,22,22,Right,2024
170,Female,18,8,7,8,7,Right,22,22,Right,2023
170,Female,21,6.6,6.1,6.5,6.1,Right,22.5,22.4,Right,2018
170,Female,21,6.8,7.4,6.8,7.2,Right,22.5,22.5,Ambidextrous,2018
170,Female,20,7.3,6.9,7.2,7,Right,22.8,22.7,Right,2018
170,Female,23,6.5,6.5,6.3,6.2,Right,22.9,22.7,Right,2021
170,Female,19,6.6,6.6,6.6,6.5,Right,23,23,Right,2022
170,Female,19,7,8,8,8,Right,23,23,Left,2023
170,Female,18,7.5,7,7.6,7,Right,23,23,Ambidextrous,2022
170,Female,19,8,8,8,8,Right,23,23,Right,2021
170,Female,19,6.4,7.2,6.2,7,Right,23.3,23.7,Right,2018
170,Female,18,6.9,7.1,7,7.1,Right,23.5,23.4,Right,2019
170,Female,18,7.1,6.9,6.9,6.8,Right,23.5,23.6,Right,2017
170,Female,19,7.6,7.1,7.5,7,Right,23.6,23,Right,2019
170,Female,20,5.5,5.5,5.5,5.5,Left,23.9,24.1,Left,2017
170,Female,19,7.1,7.4,7.2,7.6,Right,24,23,Right,2021
170,Female,20,8,10,8,10,Right,24,23,Ambidextrous,2024
170,Female,19,6.3,6.5,6.5,6.7,Right,24,23.5,Right,2017
170,Female,19,7.5,7.6,7.5,7.6,Right,24,23.5,Right,2017
170,Male,18,7,7,7,7,Right,24,24,Right,2017
170,Female,19,7,7,7,7,Right,24,24,Right,2023
170,Female,20,7,8,7,8,Right,24,24,Right,2023
170,Male,20,7.2,7.5,7.3,7.5,Right,24,24,Right,2019
170,Female,20,8,7,8,7,Left,24,24,Ambidextrous,2024
170,Female,18,12,11,12,11,Right,24,24,Right,2017
170,Female,20,7.5,7.4,7.5,7.3,Right,24,24.5,Left,2019
170,Female,19,10,9,9,9,Right,24,25,Right,2024
170,Female,19,7.5,7.3,7.9,7.8,Right,24.2,25.1,Right,2018
170,Female,20,7.3,7.1,7,7.3,Right,24.3,24.4,Right,2017
170,Female,22,7,7.5,6.5,7,Right,24.5,24,Ambidextrous,2021
170,Female,19,8,7.8,8.1,7.7,Right,24.5,24.5,Right,2022
170,Female,18,6.8,7.3,6.7,7,Right,24.5,24.7,Ambidextrous,2020
170,Female,19,6.5,6.8,6.5,6.8,Right,24.5,24.8,Right,2022
170,Female,20,7.3,7,7,7.6,Right,24.6,23.6,Left,2017
170,Female,19,7,7,7,7,Right,24.6,24.6,Right,2021
170,Female,20,7.4,7.9,7.4,7.9,Right,24.6,24.8,Right,2018
170,Female,20,7.3,7.5,7.1,7.5,Right,24.7,24.2,Right,2018
170,Female,19,7.5,7.5,7.4,7.5,Right,24.9,24.8,Right,2018
170,Male,26,7,7.5,7,7.5,Right,25,24.5,Right,2020
170,Male,19,7,8,7,8,Right,25,25,Right,2023
170,Female,24,7,8,7,8,Right,25,25,Right,2023
170,Female,19,8,8,8,8,Left,25,25,Right,2018
170,Female,18,10,8,10,9,Right,25,25,Right,2024
170,Female,18,12,10,12,10,Right,25,25,Right,2023
170,Female,20,7,7,7,7,Right,25,26,Right,2024
170,Female,19,10,9,9,8,Right,25,26,Right,2024
170,Female,19,,7,6,7,Right,25,26,Right,2024
170,Female,19,7,6.9,7.2,7,Left,25.1,24.9,Right,2018
170,Male,35,7.1,7.1,7.4,7.2,Right,25.2,25,Right,2017
170,Female,18,7,6.7,7,6.7,Right,25.3,25.2,Right,2017
170,Female,19,7,7.5,7,7.5,Right,25.5,25,Right,2018
170,Male,19,7.5,7.4,7.5,7.5,Left,25.5,25,Ambidextrous,2021
170,Female,19,7.5,7.7,7.5,7.5,Right,25.5,25.1,Right,2017
170,Female,28,7.5,8.3,7.7,8,Right,25.5,26,Left,2018
170,Female,19,7.8,7.4,7.7,7.2,Right,25.8,25,Right,2018
170,Female,20,7,7,7.1,6.9,Right,26,25.4,Ambidextrous,2021
170,Female,19,8,8,8,8,Right,26,26,Right,2024
170,Male,18,10,10,10,10,Right,26,26,Left,2023
170,Male,20,7.1,7.5,7.4,7.3,Right,26.2,26.2,Right,2017
170,Female,18,7,6.9,7.1,6.7,Right,26.5,25.9,Right,2017
170,Female,20,7.5,7.3,7.5,7.3,Right,27.5,27,Right,2020
170,Female,24,7,7.5,7,7.5,Ambidextrous,29,29,Right,2022
170,Female,20,8,7,7,7,Ambidextrous,,,,2024
170,Male,20,6,4,,,,,,,2025
171,Male,18,7.2,6.1,7.5,6,Right,21,21,Right,2020
171,Female,19,7.3,7.5,7.2,7.5,Right,21.5,22,Right,2022
171,Male,19,8,8,9,8,Right,23,23,Right,2023
171,Female,20,7.5,7.8,7.5,7.8,Right,23.4,23.4,Right,2020
171,Female,23,7.5,7.2,7.4,7.3,Right,23.5,23.5,Ambidextrous,2021
171,Female,19,7.3,5.5,7.2,5.4,Right,23.9,24.3,Right,2021
171,Female,38,7.5,8,7.5,7.5,Ambidextrous,24.5,24.2,Right,2021
171,Female,18,7,7,7,7.4,Right,25,24.9,Right,2017
171,Male,19,7,7,7,7,Right,25,25,Right,2019
171,Female,19,15,13,15,13,Right,25,25,Right,2024
171,Female,19,7.6,7.4,7.6,7.9,Right,25,25.1,Right,2022
171,Female,20,9,8,9,8,Right,25,26,Right,2024
171,Female,18,7.4,7.9,7.2,7.8,Right,25.4,25.5,Right,2017
171,Female,19,7,6.8,7,6.8,Right,25.5,25.7,Right,2020
171,Female,18,8,8,7,8,Right,35,35,Ambidextrous,2024
171,Female,19,7.2,7.3,7.3,7.2,Right,,,Right,2021
171.5,Female,17,8,8.5,7.5,8.3,Ambidextrous,28,28,Ambidextrous,2019
172,Female,19,7.45,6.6,7.3,6.5,Right,22.8,22.6,Right,2019
172,Female,21,7.1,7.3,7.2,7.1,Right,23,22.8,Right,2017
172,Male,18,8,8,8,8,Right,23,23,Right,2023
172,Male,19,7.4,7.8,7.4,7.4,Right,23.5,23.5,Right,2020
172,Female,19,7.7,7.3,7.8,7.2,Left,23.7,23.6,Ambidextrous,2021
172,Female,20,7.6,7.4,7.5,7.5,Right,23.8,23.7,Left,2017
172,Female,19,8,7,7,7,Right,24,24,Right,2023
172,Female,19,7.1,7.8,7.5,7.7,Right,24,24.5,Right,2022
172,Female,19,7.5,8,7.5,8,Ambidextrous,24,24.5,Left,2020
172,Female,18,7.3,7.1,7.3,7,Right,24.3,24.8,Right,2019
172,Female,19,6.3,6.4,6.5,6.4,Left,24.6,24.3,Right,2017
172,Female,19,8,6,8,6,Right,25,25,Right,2024
172,Female,19,7.3,6.9,7.1,7,Right,25,25.2,Right,2018
172,Male,19,6.9,7.2,7,7.2,Right,25.9,25.6,Right,2018
172,Female,19,6.8,7,7,6.9,Right,26.1,24.9,Right,2017
172,Male,21,7,7.4,7.1,7.5,Right,26.4,26.2,Right,2017
172,Female,19,7.3,7.6,7.3,7.5,Right,26.8,26.8,Right,2017
172,Female,19,8,8,8,8,Ambidextrous,27,27,Right,2023
172,Male,19,10,11,10,11,Right,27,27,Right,2020
172,Male,19,7.5,7.3,7.6,7.5,Right,28,30,Left,2019
173,Female,19,7,7,7,7,Ambidextrous,21,21.5,Ambidextrous,2019
173,Female,18,6.7,7.8,6.9,7.7,Right,22.5,22.3,Right,2019
173,Female,19,7.8,7.6,7.7,7.8,Right,22.5,22.5,Ambidextrous,2021
173,Female,19,7,7,7,7,Right,23,23,Right,2017
173,Female,19,8,8,8,8,Right,23,23,Right,2024
173,Female,19,6.8,7.3,6.9,7.3,Right,23.3,23.4,Right,2021
173,Female,19,8,8,8,8,Right,23.7,23.7,Right,2023
173,Female,19,7,6.9,6.8,6.9,Right,23.8,23.2,Left,2019
173,Female,20,7,8,8,8,Right,24,23,Right,2024
173,Female,19,8,7.5,8,7.5,Right,24,24,Left,2019
173,Female,19,8,8,8,8,Right,24,24,Right,2024
173,Female,19,6.5,6.5,6.5,6.5,Right,24.2,24,Right,2017
173,Female,18,7.7,7.4,7.6,7.4,Right,24.2,24.5,Right,2021
173,Male,19,7,7,7,7.2,Right,24.4,24.2,Right,2017
173,Female,18,7.3,7.5,7.4,7.6,Right,24.5,24.5,Right,2017
173,Female,18,7.5,8,7.5,8,Right,24.6,24.6,Right,2021
173,Male,26,7.8,7.9,7.8,8,Right,25,25,Right,2019
173,Male,19,8,9,9,9,Right,25,25,Ambidextrous,2024
173,Female,35,7.5,7.5,7.5,7.5,Right,25,25.5,Right,2019
173,Male,19,7,7.5,7.1,7.3,Right,25.3,25.5,Right,2017
173,Female,18,5.5,,5,5,Right,25.5,25.5,Right,2021
173,Male,27,7.8,7.6,7.6,7.4,Right,26,25.8,Right,2019
173,Female,19,7,7,7,7,Right,26,26,Right,2024
173,Female,19,8.5,10,9,10,Right,26,26,Right,2023
173,Female,21,7.5,7.5,7.5,7.5,Right,26.1,25.7,Right,2022
173,Female,19,7.2,7.7,7.5,7.8,Right,26.1,26.2,Right,2018
173,Male,19,6.9,7.2,7,7.4,Right,26.1,26.3,Right,2018
173,Female,21,8.1,7.8,8.1,8.1,Left,26.2,25.3,Left,2021
173,Female,19,7.3,7.5,7.1,7.6,Right,26.2,25.9,Right,2019
173,Male,19,7.7,7.5,7.7,7.6,Right,27.9,27.7,Right,2020
173,Female,19,9,7,8,8,Right,28,29,Right,2024
173,Female,37,,,,,Right,32,31,Left,2021
174,Male,19,,,,,Left,18,18,Left,2020
174,Male,24,8,8.2,8,7.9,Right,22.5,22.5,Right,2017
174,Female,18,6,4,6,5,Right,23,22,Right,2024
174,Female,19,3,3,3,3,Right,24,24,Right,2024
174,Female,18,7.4,7.4,7.5,7.7,Right,24.2,24,Right,2020
174,Female,23,7.8,7.7,7.8,7.7,Right,25.3,25,Ambidextrous,2019
174,Female,19,7,7.4,7.5,8,Right,25.4,26.2,Right,2022
175,Male,18,6.5,6.4,6.5,6.4,Right,20,20,Left,2017
175,Female,19,7,8,7,8,Right,22,22,Right,2024
175,Female,22,7,6.5,7,6.8,Right,22,22,Right,2021
175,Female,19,9,6,9,7,Right,23,24,Right,2024
175,Female,19,8.9,8,8.8,7.9,,23.5,23.1,Right,2022
175,Male,20,9,9.5,9.2,9.6,Left,23.7,23.6,Ambidextrous,2021
175,Male,22,7.5,7.5,7.3,7.5,Right,24,25,Right,2020
175,Female,19,7.6,7.5,7.7,7.4,Right,24.4,24.7,Right,2017
175,Female,19,8.5,7,8,7.3,Right,24.5,23.5,Left,2019
175,Male,22,7.3,7.3,7.2,7.4,Right,24.5,24.6,Right,2019
175,Male,23,6.8,7.2,7,7.1,Right,24.6,24.6,Right,2020
175,Male,18,8,8,8,8,Right,25,24,Right,2023
175,Female,18,8,8,8,8,Right,25,25,Right,2023
175,Female,19,8,9,8,8,Right,25,25,Right,2023
175,Female,19,6.9,7.5,6.7,7.4,Right,25.1,25.4,Right,2017
175,Female,25,6.8,6.5,6.8,6.6,Right,25.3,25.4,Right,2019
175,Male,24,7,7.3,7,7.4,Right,25.3,25.5,Right,2018
175,Female,21,7.2,7.3,7.3,7.2,Right,25.8,25.5,Right,2020
175,Female,29,7.2,7.5,7.1,7,Left,26,26,Right,2018
175,Female,19,7.6,7.9,7.5,7.9,Right,26,26,Left,2020
175,Female,18,7.6,7.8,7.5,7.7,Ambidextrous,26,26.5,Left,2022
175,Male,31,7,7,7,7,Right,26.1,26.2,Right,2022
175,Male,21,7.4,7.3,7.5,7.2,Left,26.3,26.1,Right,2018
175,Male,19,7.7,7.3,7.6,7.1,Right,26.7,26.4,Right,2017
175,Male,19,7.1,7.1,7.2,7.1,Left,26.7,26.6,Left,2017
175,Female,17,7.6,8.3,7.6,8.6,Left,27,26.6,Left,2022
175,Male,19,10,8,9,8,Right,27,28,Right,2023
175,Female,19,7,8,75,8,Right,27,26,Right,2025
175,Female,19,7.1,7.3,7.2,7.4,Right,27.4,27.8,Left,2019
175,Female,25,7.5,7.4,7.3,7.5,Right,27.5,27.3,Right,2017
175,Male,19,6,4,6,4,Left,,,,2024
175,Female,18,7,6,7,6,Right,,,,2023
176,Male,31,9,7,9,7,Ambidextrous,22,22,Right,2024
176,Female,19,6.7,7.2,6.9,6.5,Right,24,23.4,Ambidextrous,2017
176,Male,20,7.5,7.5,7.7,8,Right,24,23.8,Right,2017
176,Female,19,7,8,7,6,Right,24,25,Right,2023
176,Male,19,7.3,7.5,7.5,8,Right,25,24.5,Right,2019
176,Male,19,7.2,7.2,7.2,7.2,Right,25.1,25.1,Right,2017
176,Male,29,8.7,8.5,8.7,8.3,Right,25.6,25.5,Right,2021
176,Male,18,7.5,7.4,7.2,7.3,Right,26.1,25.5,Right,2022
176,Female,19,8,9,7,9,Right,27,27,Right,2023
176,Male,25,7.4,8,7.6,8,Right,27.1,27.5,Right,2019
176,Male,19,7.4,7,7.5,7.2,Right,28.5,28.1,Right,2022
176,Male,19,7.8,7.8,7.8,8,Right,,24.5,Left,2020
177,Female,19,7,6.3,7.4,7,Right,23,22.5,Left,2018
177,Female,19,7.4,7.5,7,7.6,Right,23.3,24,Right,2022
177,Female,19,8,8.1,7.9,7.6,Right,23.4,23.3,Ambidextrous,2020
177,Female,19,7,7,7,7,Right,24,24,Right,2024
177,Male,19,7.3,7.4,7.4,7.4,Left,24.5,24.1,Left,2020
177,Male,22,7.3,7.2,7.3,7.3,Right,25.1,25.1,Right,2019
177,Male,20,7.2,7.4,7.3,7.6,Right,25.5,26,Right,2021
177,Female,19,7,7,7,7,Right,25.8,25.2,Right,2018
177,Female,19,8.7,8.5,8.7,8.6,Right,25.8,25.7,Right,2019
177,Female,32,7.5,7.6,7.5,8,Right,26,26.6,Ambidextrous,2019
177,Female,19,7.5,7.3,7.4,7.3,Right,26.1,25.8,Right,2021
177,Male,19,7.4,7.5,7.3,7.8,Right,26.2,26,Right,2019
177,Male,19,7.6,7.7,7.7,7.8,Right,26.5,26.6,Right,2017
177,Male,19,10,7.5,10,7.5,Right,27,25,Right,2017
177,Male,19,7,6.2,7,6.3,Right,27,26,Ambidextrous,2017
177,Female,21,6.9,7.1,7,7.3,Right,27,26.6,Right,2018
177,Male,19,7.6,7.7,7.7,7.8,Right,27,26.7,Right,2019
177,Male,28,7.5,8,7.5,8,Right,27,27,Right,2018
177,Male,18,7.6,7.7,7.6,7.7,Right,27,27,Ambidextrous,2017
177,Female,18,8,7,8,8,Right,,,,2023
177.8,Female,18,7.3,8.4,7.6,8,Right,24.8,24.3,Right,2019
178,Female,19,,,,,Right,23.4,24,Right,2021
178,Male,19,6.3,6.5,6.5,6.6,Right,23.4,24.2,Right,2017
178,Male,19,7.5,6.9,6.9,7.5,Right,23.8,25.2,Left,2017
178,Male,19,9.5,9.7,9.5,9.7,Ambidextrous,24,25,Right,2021
178,Male,20,6.9,6.5,7,6.8,Right,25,25,Right,2021
178,Male,24,7.6,8.2,7.6,7.9,Right,25,25,Right,2020
178,Female,19,7.5,7.9,7.5,8,Right,25.1,25.1,Right,2018
178,Female,20,7.7,7.5,7.6,7.5,Right,25.5,25,Right,2017
178,Male,19,7,7.2,7.5,7.7,Right,25.6,25.6,Right,2021
178,Female,20,7.3,7.6,7.2,7.5,Right,25.7,25.5,Right,2018
178,Female,19,7.1,7.5,7.2,7.6,Right,26,26,Right,2021
178,Male,18,8,8.2,8,8.2,Left,26.8,26.6,Left,2022
178,Female,19,7,7,7,7,Right,27,27,Right,2023
178,Male,18,6,6,6,6,Right,27,27,Right,2025
178,Male,19,7.4,7.6,7.5,7.6,Right,27.4,27.2,Ambidextrous,2019
178,Male,19,8.5,7.6,8.5,7.6,Right,28,27.5,Right,2017
178,Male,18,8.9,8.7,8.9,8.7,Right,28.6,28.6,Right,2020
178,Male,19,7.8,8.5,7.9,8.5,Right,,,Right,2019
178,Male,18,8,9,8,9,Right,,,,2023
179,Male,18,7.3,7.3,7.3,7.3,Right,22.1,22.3,Right,2021
179,Male,19,10,8,8,8,Right,23,24,Right,2023
179,Male,27,6.8,7.1,6.9,7.4,Right,24.9,25.2,Right,2022
179,Female,18,6,6,6,6,Right,25,25,Right,2023
179,Male,20,8,7.5,8,7.5,Left,25,25,Ambidextrous,2020
179,Female,21,7,7,7,7,Right,26,26,Right,2020
179,Male,19,7.8,8.1,7.6,8.1,Right,26,26.5,Right,2018
179,Male,19,8,8,7,8,Right,27,28,Right,2024
179,Male,25,7.6,8.2,7.8,8.1,Right,27.3,27,Right,2020
179,Male,23,7.9,7.8,7.6,7.9,Right,27.5,27.1,Right,2017
179,Male,18,7.4,7.6,7.3,7.5,Right,27.5,27.5,Right,2021
179,Male,19,8,7.5,8,7.5,Right,27.7,27.7,Right,2018
179,Male,31,7.4,7.6,7.4,7.6,Right,27.9,27.6,Right,2022
179,Male,19,8,7,8,8,Right,28,27,Left,2023
179,Male,19,7.5,7.8,7.8,7.9,Right,28.5,28.8,Right,2022
179,Male,20,13,12,12,12,Ambidextrous,47,46,Right,2024
180,Female,19,7.5,7.9,7.5,7.7,Right,23.8,24.3,Ambidextrous,2018
180,Female,21,6.9,6.9,7.2,7.2,Right,24,24,Right,2020
180,Female,19,7,7,7,7,Right,24,24,Right,2024
180,Female,20,8,8,8,8,Right,24,24,Ambidextrous,2024
180,Female,19,9,10,10,9,Right,24,24,Right,2024
180,Male,19,7,7,7,6.9,Right,24,24.5,Right,2020
180,Female,22,7.6,7.8,7.4,7.7,Right,24.5,24.7,Right,2020
180,Male,19,,,,,Right,24.6,24.6,Ambidextrous,2021
180,Female,19,8,8.1,7.8,8.1,Right,24.9,25.1,Ambidextrous,2019
180,Male,19,8,8.5,8,8.5,Right,25,24.5,Right,2018
180,Male,20,7,7,7,7,Right,25,25,Right,2017
180,Female,34,6.9,7,7,7,Right,25.5,26,Left,2017
180,Male,19,7.7,8,7.6,8,Right,25.9,25.9,Right,2017
180,Male,20,8,8,8,8,Right,26,26,Right,2024
180,Male,20,7,7,7,7,Right,27,26,Right,2022
180,Female,19,7.4,6.9,7.4,6.9,Right,27.4,27.4,Right,2022
180,Male,20,8.35,8.5,8.4,8.4,Left,28.5,27,Right,2021
180,Male,20,7.6,8.1,7.6,7.9,Right,,,Right,2017
180,Male,19,8,9,8,9,Right,,,,2024
180,Male,19,,,,,Right,,,Right,2021
181,Male,20,7.2,7.1,7.2,7,Right,25.4,25.4,Right,2020
181,Male,19,7.4,7.8,7.4,7.8,Right,25.8,26.1,Ambidextrous,2019
181,Male,18,7,8,8,7,Right,26.7,26.7,Right,2018
181,Male,20,7.6,7.7,7.6,7.8,Right,27,25,Right,2017
181,Male,19,8,7,8,7,Right,27,26,Left,2023
181,Male,33,7.5,7.7,7.4,7.6,Ambidextrous,27.4,27,Right,2022
182,Male,18,7,7,7,7,Right,18,18,Right,2023
182,Male,19,10,10,9,10,Left,23,28,Ambidextrous,2024
182,Female,20,7.8,7.7,7.8,7.7,Right,24.9,24.7,Right,2020
182,Male,19,8,8,8,7,Right,25,25,Right,2023
182,Male,18,7.4,7.5,7.5,7.6,Left,25.5,25.8,Left,2017
182,Male,19,7.6,8,7.6,8,Right,26,26,Right,2020
182,Male,20,7.5,7.7,7.5,7.7,Right,26.8,26.4,Right,2017
182,Male,18,7.8,7.6,7.8,7.6,Right,26.8,26.8,Right,2019
182,Male,20,7.6,7,7,7,Right,27,26,Right,2023
182,Male,20,11,12,11,11,Right,27,27,Right,2023
182,Male,21,7.5,8,7.3,7.7,Right,27,28,Right,2019
182,Male,27,7.9,7.9,7.9,7.9,Left,27.2,26.6,Right,2017
182,Male,28,7.5,7.8,7.7,7.8,Right,27.5,27,Right,2019
182,Male,18,7.5,9,7.5,8.5,Right,27.9,28,Right,2017
182,Male,18,7,7.2,6.8,7,Right,28,27,Right,2017
182,Male,19,8.2,9,8.2,9,Right,28,28,Right,2017
182,Male,19,8.2,7.8,8.1,8.4,Right,28,28.3,Right,2017
182,Male,19,13,14,13,14,Right,28,28,Right,2025
182,Male,19,7.3,7.4,7.4,7.4,Right,28.2,28.5,Right,2022
183,Male,20,6,6,6,7,Right,19,19,Ambidextrous,2021
183,Male,19,9,10,4,1,Right,20,29,Ambidextrous,2024
183,Male,19,8,8,8,8,Left,24,25,Right,2023
183,Female,19,9,8,8,7,Right,24,25,Right,2023
183,Female,21,7.3,7.7,7.3,7.6,Right,24.9,25.2,Ambidextrous,2017
183,Male,19,7,7.5,7,7.5,Right,25,25,Right,2018
183,Male,19,8,7.7,8,7.6,Right,25,25.5,Right,2017
183,Male,31,6.8,6.9,6.7,7.5,Ambidextrous,25.5,25.6,Right,2021
183,Male,19,7.2,6.9,7.3,7,Right,25.8,25.6,Left,2021
183,Male,18,7.6,7.9,7.7,8.1,Right,26,27,Right,2018
183,Male,19,11,10,10.5,9.5,Right,26.5,27,Right,2022
183,Male,19,9,8,9,8,Left,27,27,Right,2023
183,Female,19,9.5,9,9.5,8.5,Left,27,27,Ambidextrous,2021
183,Male,19,10,7,10,7,Right,27,27,Right,2023
183,Male,20,10,8,19,8,Right,27,28,Right,2023
183,Male,20,9,8,9,8,Right,28,26,Right,2023
183,Male,62,9.5,10,9,10,Left,28,29,Right,2025
184,Male,18,8,10,8,10,Right,25,25,Right,2020
184,Male,18,6.9,7.3,6.9,7.3,Right,25.8,25.8,Right,2020
184,Male,22,8.6,7.6,8.1,7.4,Right,25.9,26.5,Right,2020
184,Male,19,7,8,7,8,Right,26,26,Right,2018
184,Male,23,7.5,8,8,7.5,Right,26.5,26,Right,2021
184,Male,18,6.6,6.7,6.8,7,Right,26.5,27,Right,2018
184,Male,18,8,7.5,8.2,7.5,Right,27,27,Right,2017
184,Male,19,7.3,7.4,7.5,7.4,Right,27.4,27.6,Right,2019
184,Male,23,7.4,7.6,7.3,7.5,Right,29.1,29.4,Right,2020
184,Male,19,8,7,8,7,Right,,,,2023
184,Male,18,10,8,8,10,Right,,,,2023
185,Female,19,7.8,7.7,7.8,7.8,Right,25,24.8,Right,2019
185,Male,19,7,7.6,7,7.8,Right,25,25,Right,2017
185,Male,21,8.3,7.8,8.3,8,Right,25.5,25.5,Ambidextrous,2021
185,Male,19,8.4,8.3,8.5,8.3,Right,25.8,26.2,Right,2020
185,Male,19,7.4,8,7.4,7.8,Left,25.9,26.1,Left,2018
185,Male,19,7.7,7.6,7.7,7.7,Right,26.5,26.7,Right,2023
185,Male,20,7.7,8,7.7,8,Right,26.8,26.8,Right,2023
185,Male,20,7.4,7.7,7.5,7.8,Right,27,26.6,Right,2021
185,Male,18,7.7,7.4,7.6,7.8,Left,27,26.6,Right,2017
185,Male,18,8,7.6,8,7.8,Ambidextrous,27,27,Left,2020
185,Male,19,7.3,7.6,7.3,7.6,Right,27,27.5,Right,2021
185,Male,19,8,8.4,8,8.2,Ambidextrous,27.2,26.8,Right,2022
185,Male,19,8.4,8.6,8.3,8.2,Right,27.8,28.7,Right,2022
185,Male,20,7.8,7.8,7.9,8.1,Right,27.9,27.4,Right,2019
185,Male,19,7,8,8,8,Right,28,28,Right,2024
185,Male,20,8,7.6,8,7.4,Ambidextrous,28.4,28.3,Right,2017
185,Male,19,8,6,8,6,Left,29,29,Left,2023
185,Male,19,8,6,8,6,Left,29,29,Left,2023
185,Male,19,11,12,11,12,Right,30,29,Right,2024
185,Male,24,10,7,10,7,Right,47,47,Right,2024
186,Male,19,7,7.2,7,7.3,Left,23,23.5,Left,2020
186,Male,21,8,9,8,8,Ambidextrous,25,25,Ambidextrous,2018
186,Male,29,7.9,8.6,7.9,8.5,Right,26.8,26.8,Right,2019
187,Male,20,12,8,12,8,Right,25,25,Right,2023
187,Male,18,7.3,7.2,7.2,7.4,Right,26.5,26.7,Right,2021
187,Male,19,7.5,8,7.6,8.1,Right,26.7,26.6,Right,2021
187,Male,19,7,8,7,8,Right,27,27,Right,2023
187,Male,22,7.4,7.4,7.2,7.7,Right,27.2,27.2,Left,2018
187,Male,20,7.7,7.7,7.8,7.7,Right,28,27.4,Right,2017
188,Male,19,7,7,7,7,Right,19,20,Right,2024
188,Male,29,7.6,8,7.7,8,Right,25.5,25.3,Right,2017
188,Male,19,7.3,8.3,7.3,8.4,Right,27,27.2,Right,2018
188,Male,21,7.5,7.75,7,7.5,Right,28,28,Right,2018
188,Male,18,8.5,9,8.5,9,Right,29,29,Right,2018
188,Male,20,8,9,8,9,Right,,,,2024
189,Male,19,8,7,8,7,Left,27,27,Left,2023
189,Male,19,7.4,7.4,7.5,7.4,Left,27.1,27.4,Left,2017
189,Male,19,11,9,10,9,Right,30,31,Right,2023
190,Male,19,8,7,8,6,Ambidextrous,23,24,Ambidextrous,2024
190,Male,19,7,7,7,7,Right,24,25,Right,2023
190,Female,35,7.9,7.6,7.5,7.3,Right,26.4,26.6,Right,2020
190,Female,34,7.6,7.4,7.5,7.5,Right,27,26.8,Right,2019
190,Male,27,6.75,7.1,6.9,6.9,Left,27.1,26.8,Left,2017
191,Male,19,10,9,10,9,Right,25,25,Right,2022
191,Male,18,9,9,9,9,Right,27,27,Right,2023
191,Male,18,8,8,8,8,Left,27,29,Right,2021
191,Male,19,9,8,30,9,Right,30,30,Right,2024
192,Male,19,9.4,9,9.2,8.9,Right,27,26,Right,2017
193,Female,18,8,7,8,7,Left,,,,2024
194,Male,19,6,5,6,5,Right,25,26,Right,2024
194,Male,18,7.9,8.1,7.8,8,Right,27.3,27.9,Right,2021
194,Male,20,8.5,9,8.6,9,Right,28.7,28.7,Right,2017
195,Male,19,7.5,7.3,7.5,7,Right,28,28,Right,2020
195,Male,19,7.8,7.5,7.7,7.8,Right,29.8,29.5,Right,2017
196,Female,20,7.1,7.1,7.1,7.1,Right,24.3,24.7,Right,2021
196,Male,18,7.7,8.5,8.3,8.8,Right,27,26.5,Right,2020
199,Male,20,8,6,8,6,Right,33,33,Right,2024
,Female,17,2,1,2,1,Right,21,22,Right,2018
,Female,27,8,7,9,7,Right,21,22,Right,2017
,Female,19,7.3,7.5,7.5,7.3,Left,22.1,22.2,Right,2018
,Female,21,6.9,6.5,7,6.6,Right,22.3,22.4,Right,2017
,Female,18,6.6,6.9,6.7,7,Right,22.4,21,Right,2017
,Female,18,6.9,7.2,7,6.8,Right,22.5,22.7,Right,2018
,Female,18,6.8,6.6,6.5,6.8,Right,23,22.7,Right,2018
,Female,34,6.6,6.5,6.4,6.2,Right,23.3,23.4,Right,2017
,Female,28,7.8,5.7,7.8,5.6,Right,23.7,23.5,Right,2019
,Female,18,6,6.7,6,6.4,Right,24,23.5,Right,2018
,Female,18,7,7.5,7,7.5,Right,24,23.7,Right,2018
,Female,18,7.3,7.8,7.2,7.6,Right,24,24.5,Right,2020
,Female,20,7,6.9,7,6.9,Right,24.2,24.5,Right,2017
,Female,20,8,7.5,8.1,7.6,Right,24.2,24.5,Right,2017
,Female,19,6.85,6.5,7.2,6.85,Right,24.5,24,Right,2018
,Female,20,7.2,7.5,7.3,7.3,Left,24.8,25.1,Left,2018
,Male,22,9,10,9,10,Right,25,25,Right,2017
,Female,19,7,6.3,7,7,Right,25,30,Right,2018
,Male,18,7.2,7.6,6.9,7.3,Right,26.5,26,Right,2017
,Female,22,9,8,9,8.5,Right,26.5,26.5,Left,2017
,Female,22,9,8,9,8.5,Right,26.5,26.5,Left,2017
,Male,19,7.5,7.25,7.5,7.25,Right,26.8,26.8,Right,2017
,Male,19,7.2,7.8,7.4,7.9,Right,27.3,27,Right,2018
,Male,19,7.5,7.8,7.4,7.8,Right,27.4,27.8,Right,2017
,Male,23,8,8.2,8,8.2,Right,27.5,27.3,Right,2017
,Male,19,9,9,9,9,Right,28,28,Ambidextrous,2018
,Male,19,8,8,8,8,Right,28.5,28.5,Right,2018
,Female,26,6.8,6.9,6.8,6.7,Right,,,Right,2018
